Country Name,Country Code,Contestant Code,Contestant,P1,P2,P3,P4,P5,P6,Total,Award,Extra Awards,Rank
People's Republic of China,CHN,35092,Leyan Deng,7,7,7,7,7,7,42,Gold medal,,1
People's Republic of China,CHN,35751,Che Liu,7,7,7,7,7,7,42,Gold medal,,1
People's Republic of China,CHN,35747,Bolun Zhang,7,7,7,7,7,7,42,Gold medal,,1
Republic of Korea,KOR,35414,Hyeonjun Lee,7,7,7,7,7,7,42,Gold medal,,1
United Kingdom,UNK,30257,Alex Chui,7,7,7,7,7,7,42,Gold medal,,1
United States of America,USA,36000,Liam Reddy,7,7,7,7,7,7,42,Gold medal,,1
United States of America,USA,33503,Alexander Wang,7,7,7,7,7,7,42,Gold medal,,1
Russian Federation,RUS,36274,Arina Prokudina,7,7,6,7,7,7,41,Gold medal,,8
Russian Federation,RUS,36275,Andrey Shishko,7,7,4,7,7,7,39,Gold medal,,9
Singapore,SGP,35964,Boyang Brian Xiao,7,7,4,7,7,7,39,Gold medal,,9
United States of America,USA,35164,Ruilin Wang,7,7,4,7,7,7,39,Gold medal,,9
People's Republic of China,CHN,35752,Zhenqian Peng,7,7,3,7,7,7,38,Gold medal,,12
United States of America,USA,35997,Royce Yao,7,7,4,7,5,7,37,Gold medal,,13
People's Republic of China,CHN,35748,Yuxuan Peng,7,7,7,7,7,1,36,Gold medal,,14
Japan,JPN,34155,Shinjiro Hamakawa,7,7,1,7,7,7,36,Gold medal,,14
Vietnam,VNM,35339,Dinh Tung Nguyen,7,7,7,7,7,1,36,Gold medal,,14
Hungary,HUN,34197,Ábel Szakács,7,2,7,7,5,7,35,Gold medal,,17
India,IND,35510,Abel George Mathew,7,7,0,7,7,7,35,Gold medal,,17
Singapore,SGP,34078,Yihan Yang,7,7,0,7,7,7,35,Gold medal,,17
Italy,ITA,35475,Marcel Stologan,7,7,4,7,7,2,34,Gold medal,,20
Democratic People's Republic of Korea,PRK,35690,Ju Hyon Hwang,6,7,6,6,7,2,34,Gold medal,,20
Slovakia,SVK,33381,Matej Bachniček,7,1,5,7,7,7,34,Gold medal,,20
Bosnia and Herzegovina,BIH,33766,Vuk Janković,7,7,4,7,7,1,33,Gold medal,,23
Israel,ISR,34635,Yotam Budnik,7,2,7,7,7,3,33,Gold medal,,23
Japan,JPN,35260,Shogo Ando,7,1,4,7,7,7,33,Gold medal,,23
North Macedonia,MKD,30465,Damjan Davkov,7,1,4,7,7,7,33,Gold medal,,23
Romania,ROU,35494,David Vlad Marghidan,7,7,0,7,5,7,33,Gold medal,,23
People's Republic of China,CHN,35749,Chen Yang,7,0,4,7,7,7,32,Gold medal,,28
Georgia,GEO,35215,Sandro Zhgenti,7,7,1,7,7,3,32,Gold medal,,28
Russian Federation,RUS,36272,Roman Kravchenko,7,7,2,7,7,1,31,Gold medal,,30
Singapore,SGP,35961,Yi Wang,7,7,4,7,6,0,31,Gold medal,,30
Thailand,THA,35293,Napon Apintanaphong,7,7,4,7,5,1,31,Gold medal,,30
Taiwan,TWN,35264,Ting-Cheng Hsu,7,7,3,7,7,0,31,Gold medal,,30
Canada,CAN,36320,Perry Dai,7,7,1,7,7,1,30,Gold medal,,34
India,IND,35509,Aarav Gupta,7,7,0,7,7,2,30,Gold medal,,34
Islamic Republic of Iran,IRN,36288,Ali Joonbakhsh,7,7,0,7,7,2,30,Gold medal,,34
Democratic People's Republic of Korea,PRK,35694,Ung Yol Kim,7,7,1,7,7,1,30,Gold medal,,34
Russian Federation,RUS,35544,Dmitrii Grishko,7,7,1,7,7,1,30,Gold medal,,34
Vietnam,VNM,36163,Le Nhat Nam Nguyen,7,7,3,6,7,0,30,Gold medal,,34
Australia,AUS,34174,Amber Yanfei Li,7,7,0,7,7,1,29,Gold medal,,40
Bulgaria,BGR,35404,Andrey Stefanov,7,1,0,7,7,7,29,Gold medal,,40
Germany,GER,36196,Johannes Maximilian Jacob,7,7,0,7,7,1,29,Gold medal,,40
Islamic Republic of Iran,IRN,36308,Alireza Sharifi,7,7,0,7,7,1,29,Gold medal,,40
Republic of Korea,KOR,36214,Seojin Byun,7,3,4,7,7,1,29,Gold medal,,40
Republic of Korea,KOR,36215,Seongjin Shim,7,7,0,7,7,1,29,Gold medal,,40
Malaysia,MAS,35150,Ho Janson,7,7,3,7,5,0,29,Gold medal,,40
Poland,POL,34391,Antoni Mazur,7,7,1,7,7,0,29,Gold medal,,40
Poland,POL,35163,Michał Piotr Wolny,7,7,1,7,7,0,29,Gold medal,,40
Serbia,SRB,33731,Stefan Šebez,7,7,0,6,7,2,29,Gold medal,,40
Switzerland,SUI,35479,Andrej Ševera,7,0,7,7,7,1,29,Gold medal,,40
Switzerland,SUI,34492,Jovian Soejono,7,7,0,7,7,1,29,Gold medal,,40
Slovakia,SVK,36379,Marián Kovaľ,7,1,6,7,7,1,29,Gold medal,,40
Türkiye,TUR,36124,Umut Kağan Yazgan,7,7,1,7,7,0,29,Gold medal,,40
Ukraine,UKR,35277,Oleksandr Horbunov,7,7,1,7,7,0,29,Gold medal,,40
United Kingdom,UNK,36431,Kevin Wai,7,7,0,7,7,1,29,Gold medal,,40
Austria,AUT,35503,André Tremetsberger,7,2,4,7,7,1,28,Silver medal,,56
Brazil,BRA,35819,Rafael Alves Amiune,7,7,0,7,7,0,28,Silver medal,,56
Brazil,BRA,35825,Paulo Jônatas de Oliveira Pimentel Leite,7,7,1,6,7,0,28,Silver medal,,56
Brazil,BRA,34264,Levi Magalhães Pereira Castello Branco,7,7,0,7,7,0,28,Silver medal,,56
Canada,CAN,36322,Christopher Li,7,7,0,7,7,0,28,Silver medal,,56
France,FRA,35457,Hadrien Faucheu,7,7,1,7,5,1,28,Silver medal,,56
Germany,GER,36199,Benedict Maximilian Sittig,7,7,0,7,6,1,28,Silver medal,,56
Greece,HEL,34351,Nektarios-Rafail Berkoutakis,7,7,0,7,7,0,28,Silver medal,,56
Italy,ITA,36346,Diego Barcellone,7,7,1,7,6,0,28,Silver medal,,56
Japan,JPN,35846,Ryunosuke Hara,7,7,1,7,5,1,28,Silver medal,,56
Kazakhstan,KAZ,36189,Batyrkhan Beiganov,7,7,0,7,7,0,28,Silver medal,,56
Kyrgyzstan,KGZ,35914,Ariet Akimov,7,7,0,7,7,0,28,Silver medal,,56
Malaysia,MAS,36412,Tan Rui Xuen,7,7,0,7,7,0,28,Silver medal,,56
Peru,PER,36039,Afid Mauricio,7,7,0,7,7,0,28,Silver medal,,56
Peru,PER,35095,Samir Ochoa,7,7,0,7,7,0,28,Silver medal,,56
Democratic People's Republic of Korea,PRK,35691,Hyon U Jang,7,7,0,7,7,0,28,Silver medal,,56
Democratic People's Republic of Korea,PRK,35695,Ji Won Pak,7,7,0,7,7,0,28,Silver medal,,56
Russian Federation,RUS,36276,Alexander Skvortsov,7,1,5,7,7,1,28,Silver medal,,56
Turkmenistan,TKM,36237,Agaperman Berdimyradov,7,7,4,7,3,0,28,Silver medal,,56
Vietnam,VNM,36159,Dang Nguyen Pham,7,7,3,6,5,0,28,Silver medal,,56
Brazil,BRA,35085,Erick Akira Koga,7,7,0,7,5,1,27,Silver medal,,76
Czech Republic,CZE,35222,Jakub Trčka,6,7,0,7,7,0,27,Silver medal,,76
Spain,ESP,35027,Pablo Freire Fernández,7,7,1,7,5,0,27,Silver medal,,76
Hong Kong,HKG,34319,Zi Jie Xu,7,7,4,7,2,0,27,Silver medal,,76
India,IND,34561,Kanav Talwar,7,7,1,7,5,0,27,Silver medal,,76
Republic of Korea,KOR,36212,Donghyun Kim,7,1,4,7,7,1,27,Silver medal,,76
Poland,POL,36219,Tymon Sidor,7,0,4,6,7,3,27,Silver medal,,76
Romania,ROU,36342,Mihai-Alexandru Ardelean,7,7,0,7,6,0,27,Silver medal,,76
Russian Federation,RUS,36262,Maksim Bolshakov,7,3,1,7,7,2,27,Silver medal,,76
Thailand,THA,35938,Aphiwit Channarong,7,7,1,7,5,0,27,Silver medal,,76
Tajikistan,TJK,33291,Olimdzhon Tukhtarov,7,7,1,7,5,0,27,Silver medal,,76
Ukraine,UKR,36267,Volodymyr Pryhunov,7,7,1,7,5,0,27,Silver medal,,76
Vietnam,VNM,36161,Hoang Phuong Nguyen,7,7,0,5,7,1,27,Silver medal,,76
Vietnam,VNM,36160,Dai Thanh Danh Tran,7,7,1,7,5,0,27,Silver medal,,76
Australia,AUS,35337,Jayden Lee Pan,7,1,0,7,5,6,26,Silver medal,,90
Australia,AUS,35645,Cunmeng Wang,7,7,4,7,1,0,26,Silver medal,,90
Bulgaria,BGR,36205,Aleksandar Bangachev,7,7,0,7,5,0,26,Silver medal,,90
Brazil,BRA,35818,Enzo Holanda,7,7,0,7,5,0,26,Silver medal,,90
Canada,CAN,36319,Ansh Agarwal,7,0,4,7,7,1,26,Silver medal,,90
Estonia,EST,35527,Kaarel Toomet,7,1,4,7,7,0,26,Silver medal,,90
France,FRA,36394,Mattéo Argentin,7,7,0,7,5,0,26,Silver medal,,90
Hungary,HUN,36048,Bendegúz Péter Vámosi,7,1,4,7,7,0,26,Silver medal,,90
Israel,ISR,35384,Shahar Blumentzvaig,7,7,0,7,5,0,26,Silver medal,,90
Republic of Korea,KOR,36217,Seunguk Hong,7,2,2,7,7,1,26,Silver medal,,90
Libya,LBY,33535,Moied Baleg,7,7,0,7,5,0,26,Silver medal,,90
Malaysia,MAS,35141,Yeoh Yi Shuen,7,7,0,7,5,0,26,Silver medal,,90
South Africa,SAF,34298,Eli Max Williams,7,4,0,7,7,1,26,Silver medal,,90
United Kingdom,UNK,36429,Yuvan Raja,7,3,1,7,7,1,26,Silver medal,,90
United States of America,USA,35994,Feodor Yevtushenko,7,0,4,7,7,1,26,Silver medal,,90
India,IND,36424,Sanjana Philo Chacko,7,7,0,5,6,0,25,Silver medal,,105
India,IND,36422,Bairav Murugan,7,0,4,6,7,1,25,Silver medal,,105
Kazakhstan,KAZ,36186,Timur Murat,7,0,4,7,7,0,25,Silver medal,,105
Kyrgyzstan,KGZ,35012,Arlan Sayat,7,0,4,7,7,0,25,Silver medal,,105
Sri Lanka,LKA,33434,Batugahage Don Lasitha Vishwajith Jayasinghe,7,7,1,7,3,0,25,Silver medal,,105
Mongolia,MNG,36149,Chingun Chindegsuren,7,6,0,5,7,0,25,Silver medal,,105
New Zealand,NZL,36246,Guan Han Li,7,3,0,7,7,1,25,Silver medal,,105
Philippines,PHI,33608,Jerome Austin Te,7,2,1,7,7,1,25,Silver medal,,105
Saudi Arabia,SAU,34211,Yosuf Bakheet,7,4,0,7,7,0,25,Silver medal,,105
Türkiye,TUR,34930,Ege Akgün,7,4,0,7,7,0,25,Silver medal,,105
Türkiye,TUR,34926,Mustafa Dortluoğlu,7,1,2,7,7,1,25,Silver medal,,105
Türkiye,TUR,35869,Tuğra Özbey Eratlı,7,0,4,7,7,0,25,Silver medal,,105
Armenia,ARM,35900,Hayk Manukyan,7,0,4,7,5,1,24,Silver medal,,117
Bosnia and Herzegovina,BIH,33782,Andrej Krčmar,7,7,1,7,2,0,24,Silver medal,,117
Canada,CAN,35450,Leo Wu,7,2,1,7,7,0,24,Silver medal,,117
Czech Republic,CZE,33315,Erik Ježek,7,1,4,7,5,0,24,Silver medal,,117
Spain,ESP,35029,Diego Alonso Domínguez,7,1,1,7,7,1,24,Silver medal,,117
France,FRA,36396,Malone Heim,7,0,4,7,5,1,24,Silver medal,,117
Hong Kong,HKG,35186,Tsz Sing Chong,7,2,0,7,7,1,24,Silver medal,,117
Hong Kong,HKG,33552,Yung Ho Kwan,7,1,4,6,5,1,24,Silver medal,,117
India,IND,36425,Shreya Shantanu Mundhada,7,1,1,7,7,1,24,Silver medal,,117
Malaysia,MAS,36409,Chia Ming Han,7,1,1,7,7,1,24,Silver medal,,117
Republic of Moldova,MDA,33829,Alin Popescu,7,3,0,7,7,0,24,Silver medal,,117
Peru,PER,36037,Hector Tenorio,7,7,0,7,3,0,24,Silver medal,,117
Romania,ROU,35490,David Ghibu,7,3,0,7,7,0,24,Silver medal,,117
Romania,ROU,35492,Radu-Ionut Stoleriu,7,3,0,7,7,0,24,Silver medal,,117
Serbia,SRB,35424,Petar Banović,7,7,0,7,3,0,24,Silver medal,,117
Slovenia,SVN,35519,Taras Vuk,7,3,0,7,7,0,24,Silver medal,,117
Taiwan,TWN,35981,Wen-Da Kuang,7,2,1,7,7,0,24,Silver medal,,117
Taiwan,TWN,35269,Yu-Fan Tseng,7,7,1,7,2,0,24,Silver medal,,117
Austria,AUT,34619,Valentin Glatz,7,1,0,7,7,1,23,Silver medal,,135
Bangladesh,BGD,35118,Md. Raihan Siddiquee,7,7,1,1,7,0,23,Silver medal,,135
Bulgaria,BGR,36201,Dobromir Dobrev,7,2,0,7,7,0,23,Silver medal,,135
Bosnia and Herzegovina,BIH,34431,Adnan Osmić,7,2,0,7,7,0,23,Silver medal,,135
Czech Republic,CZE,34239,Pavel Hyánek,7,4,0,7,5,0,23,Silver medal,,135
Czech Republic,CZE,34241,Veronika Menšíková,7,3,1,7,5,0,23,Silver medal,,135
France,FRA,35459,Ruirong Li,7,1,1,7,7,0,23,Silver medal,,135
France,FRA,36399,Kyrill Rovinsky,3,7,3,7,2,1,23,Silver medal,,135
Georgia,GEO,35216,Irakli Sherozia,7,2,0,7,7,0,23,Silver medal,,135
Germany,GER,35400,Clemens Böke,7,2,3,7,4,0,23,Silver medal,,135
Hong Kong,HKG,35190,Long Sze,7,2,1,7,5,1,23,Silver medal,,135
Ireland,IRL,35070,Ben Maguire,7,2,1,7,5,1,23,Silver medal,,135
Islamic Republic of Iran,IRN,36291,Seyed Amirhossein Tayyeb,7,1,0,7,7,1,23,Silver medal,,135
Kazakhstan,KAZ,36187,Ali Yerkebulanuly,7,2,0,7,7,0,23,Silver medal,,135
Kyrgyzstan,KGZ,33101,Ian Bobrus,7,1,4,7,3,1,23,Silver medal,,135
Lithuania,LTU,35352,Pijus Piekus,7,2,0,7,7,0,23,Silver medal,,135
Mongolia,MNG,35236,Khuslen Davaadorj,6,3,0,7,7,0,23,Silver medal,,135
Saudi Arabia,SAU,34721,Abdulsalam Alsulami,7,4,0,7,5,0,23,Silver medal,,135
Saudi Arabia,SAU,35837,Abdulelah Assaggaf,7,1,0,7,7,1,23,Silver medal,,135
Singapore,SGP,36001,Yuxiang Lucas Gao,7,1,1,7,7,0,23,Silver medal,,135
Singapore,SGP,35305,Zixiang Gao,7,2,0,7,5,2,23,Silver medal,,135
Serbia,SRB,36449,Nina Šušić,7,7,0,7,2,0,23,Silver medal,,135
Taiwan,TWN,35263,Bo-Cheng Huang,7,2,0,7,7,0,23,Silver medal,,135
Ukraine,UKR,36263,Ostap Hishchak,7,2,0,7,7,0,23,Silver medal,,135
Uzbekistan,UZB,36347,Dostonbek Rakhmonkulov,7,2,0,7,7,0,23,Silver medal,,135
Uzbekistan,UZB,36344,Elshod Uralov,7,2,0,7,7,0,23,Silver medal,,135
Azerbaijan,AZE,36243,Turan Musayev,7,1,0,7,7,0,22,Bronze medal,,161
Bangladesh,BGD,34363,Tahsin Khan,7,2,0,7,5,1,22,Bronze medal,,161
Bulgaria,BGR,35406,George Nikolov,7,0,1,7,7,0,22,Bronze medal,,161
Bulgaria,BGR,36202,Kiril Zulyamski,7,3,0,7,5,0,22,Bronze medal,,161
Bosnia and Herzegovina,BIH,35157,Harun Memić,7,1,0,7,7,0,22,Bronze medal,,161
Bolivia,BOL,31175,Luis André Villan Gabriel,7,7,0,6,2,0,22,Bronze medal,,161
Canada,CAN,36321,Yuxin Fu,7,1,1,7,5,1,22,Bronze medal,,161
Cuba,CUB,34900,Erick Díaz Pérez,7,1,0,7,7,0,22,Bronze medal,,161
Cuba,CUB,35593,Marcel Gamez Salvo,7,0,7,6,2,0,22,Bronze medal,,161
France,FRA,36398,Marin Renaudineau,7,3,0,7,5,0,22,Bronze medal,,161
Germany,GER,36197,Grigorii Kukanov,7,7,0,1,7,0,22,Bronze medal,,161
Hong Kong,HKG,33554,Sebastian Russell Chase,7,1,0,7,7,0,22,Bronze medal,,161
Croatia,HRV,36178,Fran Pilipović,7,4,0,7,4,0,22,Bronze medal,,161
Croatia,HRV,35436,Hrvoje Valent,7,0,4,6,5,0,22,Bronze medal,,161
Hungary,HUN,36043,Péter Aravin,7,0,4,7,4,0,22,Bronze medal,,161
Hungary,HUN,35230,Martin Holló,7,0,1,7,7,0,22,Bronze medal,,161
Islamic Republic of Iran,IRN,36310,Arsha Azizeddin,7,7,0,5,3,0,22,Bronze medal,,161
Islamic Republic of Iran,IRN,36309,Radin Nik Eghbali,7,0,0,7,7,1,22,Bronze medal,,161
Israel,ISR,36210,Daniel Priness,7,2,0,7,5,1,22,Bronze medal,,161
Japan,JPN,35847,Yusuke Hamamoto,7,1,0,7,7,0,22,Bronze medal,,161
Japan,JPN,35848,Masaki Ito,7,0,2,6,7,0,22,Bronze medal,,161
Kazakhstan,KAZ,35205,Yerassyl Altynbek,7,1,0,7,7,0,22,Bronze medal,,161
Kazakhstan,KAZ,34441,Amirlan Amanzholov,7,1,0,7,7,0,22,Bronze medal,,161
Republic of Moldova,MDA,33828,Marius Cerlat,7,0,1,6,7,1,22,Bronze medal,,161
Mexico,MEX,34386,Takumi Higashida Martínez,7,7,0,6,2,0,22,Bronze medal,,161
Mexico,MEX,36102,Juan Luis Manriquez Sequera,7,1,1,7,5,1,22,Bronze medal,,161
Mongolia,MNG,34040,Manlai Sonor,7,2,0,7,5,1,22,Bronze medal,,161
Mongolia,MNG,34039,Bilguungerelt Tamir,7,0,1,7,7,0,22,Bronze medal,,161
Netherlands,NLD,35529,Josiah 't Hart,7,1,1,7,6,0,22,Bronze medal,,161
Norway,NOR,33415,Ivar Lee Fevang,7,2,1,5,7,0,22,Bronze medal,,161
Peru,PER,36040,Kevin Pomasoncco,7,3,0,7,5,0,22,Bronze medal,,161
Democratic People's Republic of Korea,PRK,35693,Jin Ui Jang,7,3,0,7,5,0,22,Bronze medal,,161
Romania,ROU,35493,Emanuel Mazare,7,0,0,7,7,1,22,Bronze medal,,161
Romania,ROU,34539,Andrei Vila,7,7,0,1,7,0,22,Bronze medal,,161
Switzerland,SUI,36332,Yuhua Su,7,1,0,7,7,0,22,Bronze medal,,161
Slovakia,SVK,36380,Šimon Dafčík,7,0,1,7,7,0,22,Bronze medal,,161
Slovakia,SVK,34370,Rudolf Kusý,7,0,0,5,7,3,22,Bronze medal,,161
Slovenia,SVN,35515,Andraž Čadež,7,1,1,7,6,0,22,Bronze medal,,161
Sweden,SWE,35076,Vladyslav Levchenko,7,1,0,7,7,0,22,Bronze medal,,161
Thailand,THA,35296,Dawn Sawangsap,7,1,0,7,7,0,22,Bronze medal,,161
Ukraine,UKR,36268,Dmytro Smohol,7,1,0,7,7,0,22,Bronze medal,,161
United Kingdom,UNK,35480,Adavya Goyal,7,0,0,7,7,1,22,Bronze medal,,161
United Kingdom,UNK,36428,Anango Prabhat,7,1,0,7,6,1,22,Bronze medal,,161
United Kingdom,UNK,34481,Mykhailo Sydorenko,7,1,0,7,7,0,22,Bronze medal,,161
Albania,ALB,34853,Marius Gjika,7,2,0,7,5,0,21,Bronze medal,,205
Bangladesh,BGD,35123,M. Zamiul Hossain,7,2,0,5,7,0,21,Bronze medal,,205
Canada,CAN,35451,Tiger Li,7,0,0,7,7,0,21,Bronze medal,,205
Finland,FIN,34636,Zhongyi Li,7,3,0,7,4,0,21,Bronze medal,,205
Greece,HEL,35287,Lazaros Karageorgiou,7,1,4,7,2,0,21,Bronze medal,,205
Croatia,HRV,34645,Emil Missoni,7,0,0,7,7,0,21,Bronze medal,,205
Islamic Republic of Iran,IRN,36311,Arian Zandi,7,0,0,7,7,0,21,Bronze medal,,205
Israel,ISR,36207,Michael Cohen,7,0,2,7,4,1,21,Bronze medal,,205
Israel,ISR,36209,Elad Even-Shani,7,0,0,7,5,2,21,Bronze medal,,205
Italy,ITA,35476,Marius Stologan,7,0,3,6,5,0,21,Bronze medal,,205
Kazakhstan,KAZ,33250,Margulan Sharel,7,1,1,6,5,1,21,Bronze medal,,205
Kyrgyzstan,KGZ,33911,Sultan Musakhodzhaev,7,3,0,7,4,0,21,Bronze medal,,205
Mexico,MEX,35252,Javier Caram Quiros,7,1,0,6,7,0,21,Bronze medal,,205
Mongolia,MNG,36146,Anu Altangerel,7,3,0,6,5,0,21,Bronze medal,,205
Democratic People's Republic of Korea,PRK,35692,Thae Gwon Han,7,0,0,7,7,0,21,Bronze medal,,205
Serbia,SRB,36451,Egor Gramatchikov,7,7,0,7,0,0,21,Bronze medal,,205
Tajikistan,TJK,34862,Mekhrubon Yusupov,7,1,0,7,6,0,21,Bronze medal,,205
Turkmenistan,TKM,36239,Hemra Gurbanov,7,0,0,7,7,0,21,Bronze medal,,205
Tunisia,TUN,34598,Mohamed Karim Boualleg,7,2,0,7,5,0,21,Bronze medal,,205
Türkiye,TUR,34023,Selim Doğan,7,0,0,7,6,1,21,Bronze medal,,205
Taiwan,TWN,35982,Yu-Chen Ma,7,1,4,7,2,0,21,Bronze medal,,205
United States of America,USA,35999,Oron Wang,7,0,1,7,5,1,21,Bronze medal,,205
Armenia,ARM,34914,Arsen Makaryan,7,3,0,5,5,0,20,Bronze medal,,227
Australia,AUS,35623,Liam Celinski,7,0,0,7,6,0,20,Bronze medal,,227
Australia,AUS,35631,Kevin Tang,7,4,0,7,2,0,20,Bronze medal,,227
Austria,AUT,34443,Dinmukhamed Yegeubayev,7,4,0,7,2,0,20,Bronze medal,,227
Bulgaria,BGR,36203,Bozhidar Sakarev,7,1,0,7,5,0,20,Bronze medal,,227
Belarus,BLR,35202,Dzianis Vistunou,7,1,0,4,7,1,20,Bronze medal,,227
Colombia,COL,36300,Jholger Enriquez,7,1,0,7,5,0,20,Bronze medal,,227
Colombia,COL,34650,Gabriel Santiago,7,1,0,7,5,0,20,Bronze medal,,227
Georgia,GEO,35213,Tevdore Onashvili,7,3,0,7,3,0,20,Bronze medal,,227
Germany,GER,36195,Ben Fischer,7,0,1,7,5,0,20,Bronze medal,,227
Germany,GER,36198,David Kurniady,7,1,0,6,5,1,20,Bronze medal,,227
Hungary,HUN,34194,Mátyás Bodor,7,1,0,7,5,0,20,Bronze medal,,227
Iceland,ISL,35777,Patrek Ragnarsson,7,0,1,7,5,0,20,Bronze medal,,227
Israel,ISR,36208,Yuval Yaul,7,4,0,2,7,0,20,Bronze medal,,227
Malaysia,MAS,34270,Ivan Chan Guan Yu,7,0,1,6,6,0,20,Bronze medal,,227
Peru,PER,33822,Jose Rojas,5,3,0,7,5,0,20,Bronze medal,,227
Poland,POL,36005,Antoni Nowosielski,7,4,0,7,2,0,20,Bronze medal,,227
Switzerland,SUI,33720,Hongjia Meng,7,7,0,1,5,0,20,Bronze medal,,227
Uzbekistan,UZB,34105,Elbek Zohidjonov,7,3,0,6,4,0,20,Bronze medal,,227
Vietnam,VNM,36162,Manh Hung Ha,7,4,0,7,2,0,20,Bronze medal,,227
Argentina,ARG,36035,Iair Grebnicoff,7,0,0,7,5,0,19,Bronze medal,,247
Bangladesh,BGD,35120,Jawad Hameem Chowdhury,7,4,0,7,1,0,19,Bronze medal,,247
Bangladesh,BGD,34361,Monamy Zaman,7,3,0,7,2,0,19,Bronze medal,,247
Belarus,BLR,35178,Stefaniya Shuturminskaya,7,1,0,7,4,0,19,Bronze medal,,247
Czech Republic,CZE,35986,Martin Bryja,7,0,1,7,4,0,19,Bronze medal,,247
Estonia,EST,34384,Sherkhan Torekhanov,7,1,0,7,4,0,19,Bronze medal,,247
Hungary,HUN,36049,Zalán Vigh,3,1,0,7,7,1,19,Bronze medal,,247
Mexico,MEX,35253,Iker Torres Terrazas,6,1,0,7,5,0,19,Bronze medal,,247
Netherlands,NLD,36131,Tobias Piet,7,0,0,7,5,0,19,Bronze medal,,247
Norway,NOR,35174,Skomantas Urbonas,7,3,0,7,2,0,19,Bronze medal,,247
Saudi Arabia,SAU,35839,Elyas Alfaraj,7,1,1,7,3,0,19,Bronze medal,,247
Serbia,SRB,36448,Pavle Damjanović,7,0,4,7,1,0,19,Bronze medal,,247
Thailand,THA,35939,Ethan Chen,7,0,0,7,5,0,19,Bronze medal,,247
Turkmenistan,TKM,34608,Maliksha Meylismyradov,7,3,0,7,2,0,19,Bronze medal,,247
Türkiye,TUR,35891,Alperen İnan,7,3,0,6,3,0,19,Bronze medal,,247
Ukraine,UKR,36265,Volodymyr Grin,7,1,0,7,4,0,19,Bronze medal,,247
Armenia,ARM,35898,Tigran Akheyan,7,1,0,7,3,0,18,Bronze medal,,263
Belgium,BEL,36330,Changzhi Michel Yang,7,2,0,7,2,0,18,Bronze medal,,263
Belarus,BLR,36361,Evgeniy Lippa,7,0,0,7,4,0,18,Bronze medal,,263
Brazil,BRA,35821,José Elias Padovan Britto,7,1,0,5,5,0,18,Bronze medal,,263
Estonia,EST,35520,Ivan Dukatš,3,6,0,7,2,0,18,Bronze medal,,263
Estonia,EST,36016,Hendrik Jaska,7,0,4,6,1,0,18,Bronze medal,,263
Finland,FIN,35954,Mikko Ylinen,7,2,1,7,1,0,18,Bronze medal,,263
Hong Kong,HKG,36086,Xi Yue Chen,7,2,0,7,2,0,18,Bronze medal,,263
Indonesia,IDN,36099,Jayden Jurianto,7,1,0,5,5,0,18,Bronze medal,,263
Italy,ITA,35471,Anna Kazhamiakina,7,1,1,7,2,0,18,Bronze medal,,263
Japan,JPN,35849,Soichiro Kitano,7,1,1,1,7,1,18,Bronze medal,,263
Kyrgyzstan,KGZ,35916,Timur Akeneev,7,1,0,5,5,0,18,Bronze medal,,263
Latvia,LVA,36454,Ēriks Ariels Šulzingers,7,1,0,7,3,0,18,Bronze medal,,263
Mexico,MEX,36101,Sebastián Montemayor Trujillo,5,0,1,7,5,0,18,Bronze medal,,263
North Macedonia,MKD,34410,Ivano Bozhinovski,7,7,0,1,3,0,18,Bronze medal,,263
Portugal,POR,36079,Afonso Pereira Valentim,7,1,0,7,3,0,18,Bronze medal,,263
Saudi Arabia,SAU,35838,Abdullah Alamer,7,2,0,7,2,0,18,Bronze medal,,263
Singapore,SGP,34072,Akash Thiagarajan,7,0,1,5,5,0,18,Bronze medal,,263
Slovenia,SVN,36443,Martin Alojz Flisar,7,0,1,6,4,0,18,Bronze medal,,263
Thailand,THA,34284,Kiattipoom Sicharoen,7,2,0,7,2,0,18,Bronze medal,,263
Argentina,ARG,35130,Bruno Fiszelew,7,1,0,7,2,0,17,Bronze medal,,283
Argentina,ARG,35131,Manuel Galli,7,2,0,6,2,0,17,Bronze medal,,283
Armenia,ARM,34913,Sargis Arakelyan,7,2,0,7,1,0,17,Bronze medal,,283
Armenia,ARM,35903,Aren Grigoryan,7,0,0,7,3,0,17,Bronze medal,,283
Belgium,BEL,34500,Thomas Audenaert,7,1,0,7,2,0,17,Bronze medal,,283
Bangladesh,BGD,36225,Mohammed Marzuq Rahman,7,2,0,6,2,0,17,Bronze medal,,283
Belarus,BLR,36359,Marat Tahil,7,1,0,7,2,0,17,Bronze medal,,283
Belarus,BLR,36356,Aliaksei Valiantsiuk,7,1,0,7,2,0,17,Bronze medal,,283
Belarus,BLR,36357,Yauheni Vermeyenka,7,1,0,7,2,0,17,Bronze medal,,283
Cyprus,CYP,34511,Philippos Rouvas,7,1,1,7,1,0,17,Bronze medal,,283
Spain,ESP,35871,Alejandro Zuate Gasparotto,7,1,0,7,2,0,17,Bronze medal,,283
Estonia,EST,33749,Ervin Ivanov,7,1,0,7,2,0,17,Bronze medal,,283
Estonia,EST,35524,Kristjan Lepp,7,0,1,7,1,1,17,Bronze medal,,283
Greece,HEL,36221,Ioannis Melissourgos,7,1,0,7,2,0,17,Bronze medal,,283
Indonesia,IDN,36097,Steven Abiel Cahyono,7,0,4,1,5,0,17,Bronze medal,,283
Indonesia,IDN,35196,Danica Odelia,5,2,0,5,5,0,17,Bronze medal,,283
Ireland,IRL,35066,Angyang Li,7,2,0,6,2,0,17,Bronze medal,,283
Luxembourg,LUX,34403,Khalid Khan,7,7,0,1,2,0,17,Bronze medal,,283
Macau,MAC,35712,Chon Hei Mak,7,1,0,7,2,0,17,Bronze medal,,283
Norway,NOR,35159,Justin Jia,7,1,0,7,2,0,17,Bronze medal,,283
Norway,NOR,35778,Victoria Lund Søraas,7,0,1,7,2,0,17,Bronze medal,,283
Poland,POL,35875,Robert Rośczak,7,1,0,6,2,1,17,Bronze medal,,283
Portugal,POR,34461,Rafael Soares Marques,7,0,1,7,1,1,17,Bronze medal,,283
Slovakia,SVK,36381,Norbert Barnáš,7,0,4,5,1,0,17,Bronze medal,,283
Sweden,SWE,35896,Theo Karlin,7,1,0,7,2,0,17,Bronze medal,,283
Sweden,SWE,35894,Lezhi Shang,7,1,0,7,2,0,17,Bronze medal,,283
Tajikistan,TJK,35948,Khusrav Abullaev,7,2,0,6,2,0,17,Bronze medal,,283
Turkmenistan,TKM,36238,Begench Akmyradov,7,1,0,7,2,0,17,Bronze medal,,283
Taiwan,TWN,35980,Che-An Kang,7,1,0,7,2,0,17,Bronze medal,,283
Uzbekistan,UZB,33402,Rasulbek Gafforov,7,1,0,7,2,0,17,Bronze medal,,283
Uzbekistan,UZB,36351,Azizbek Mamajonov,7,1,0,7,2,0,17,Bronze medal,,283
Albania,ALB,34051,Jamarbër Rushitaj,7,2,0,7,0,0,16,Bronze medal,,314
Argentina,ARG,36036,Antonio Gabriel Strejilevich Badenes,7,0,1,7,1,0,16,Bronze medal,,314
Ivory Coast,CIV,34911,Kedie Ange Modeste Kouiamedo,7,1,0,5,3,0,16,Bronze medal,,314
Cameroon,CMR,34890,Damien Joel Tchakote Kenne,7,0,1,7,1,0,16,Bronze medal,,314
Cuba,CUB,35597,Diego García Rodríguez,7,1,0,7,1,0,16,Bronze medal,,314
Denmark,DEN,35310,Andreas Vase Haraldsson,7,0,1,5,2,1,16,Bronze medal,,314
Spain,ESP,34317,Antonio Laso González,7,7,0,2,0,0,16,Bronze medal,,314
Indonesia,IDN,36107,Yusril Ihsan Adinatanegara,7,1,1,7,0,0,16,Bronze medal,,314
Ireland,IRL,35069,Jack McAuliffe,7,0,0,5,4,0,16,Bronze medal,,314
Italy,ITA,35468,Luca Giovanni Giorgio Cavallo Perin,7,0,0,7,2,0,16,Bronze medal,,314
Lithuania,LTU,34255,Augustas Kurlavičius,7,1,0,6,2,0,16,Bronze medal,,314
Luxembourg,LUX,36257,Saad Khan,7,1,0,5,3,0,16,Bronze medal,,314
Latvia,LVA,35367,Petr Shvab,7,1,0,1,7,0,16,Bronze medal,,314
Latvia,LVA,36457,Diāna Stecka,7,1,0,7,1,0,16,Bronze medal,,314
Latvia,LVA,35365,Luka Vladimirovs,7,1,0,6,2,0,16,Bronze medal,,314
Macau,MAC,35453,Zhuocheng Li,7,2,0,0,7,0,16,Bronze medal,,314
Republic of Moldova,MDA,36113,Alexandr Ivanicichin,6,1,0,7,2,0,16,Bronze medal,,314
North Macedonia,MKD,36420,Andrej Tasikj,7,1,0,7,1,0,16,Bronze medal,,314
North Macedonia,MKD,34408,Leonid Todoroski,7,1,0,6,2,0,16,Bronze medal,,314
Mongolia,MNG,36150,Amin-Erdene Munkhbayar,7,0,0,7,2,0,16,Bronze medal,,314
New Zealand,NZL,36254,Zhiyuan Yu,7,0,1,7,1,0,16,Bronze medal,,314
Pakistan,PAK,33990,Muhammad Mahad Arif,7,1,0,6,2,0,16,Bronze medal,,314
Pakistan,PAK,33991,Muhammad Ahmad Bhatti,7,0,1,6,2,0,16,Bronze medal,,314
Philippines,PHI,36433,Alessandro Albano,7,0,0,7,2,0,16,Bronze medal,,314
Philippines,PHI,35284,Nathan Gabriel Neria,7,1,0,7,1,0,16,Bronze medal,,314
Poland,POL,36218,Maksymilian Czyżewski,7,1,0,1,7,0,16,Bronze medal,,314
Portugal,POR,36082,Anton Gavrilov,7,0,0,7,2,0,16,Bronze medal,,314
Portugal,POR,34505,Tomás Prata Vidal,7,2,0,5,2,0,16,Bronze medal,,314
South Africa,SAF,35359,Pocoyo Pun,7,0,1,7,0,1,16,Bronze medal,,314
Saudi Arabia,SAU,35840,Faris Alkanhal,7,1,0,6,2,0,16,Bronze medal,,314
Serbia,SRB,36450,Vanja Jelovac,7,0,1,6,2,0,16,Bronze medal,,314
Slovakia,SVK,35322,Richard Dudek,7,0,3,6,0,0,16,Bronze medal,,314
Sweden,SWE,35074,Aron Helzel Golan,7,0,1,1,7,0,16,Bronze medal,,314
Syria,SYR,33955,Mohamad Mouzahem,7,1,0,5,3,0,16,Bronze medal,,314
Thailand,THA,34285,Aekkawin Wisitkiatchai,7,0,0,7,2,0,16,Bronze medal,,314
Tunisia,TUN,36388,Yassine Boumiza,7,0,1,7,1,0,16,Bronze medal,,314
Azerbaijan,AZE,35445,Farhad Iskandar,7,1,0,1,5,1,15,Honourable mention,,350
Azerbaijan,AZE,36236,Sanan Mahmudlu,7,2,0,5,1,0,15,Honourable mention,,350
Belgium,BEL,36329,Elliot Nuyts,7,1,0,7,0,0,15,Honourable mention,,350
Belgium,BEL,36326,Arne Vanormelingen,7,0,0,7,1,0,15,Honourable mention,,350
Bosnia and Herzegovina,BIH,36167,Anja Tešević,7,1,0,7,0,0,15,Honourable mention,,350
Colombia,COL,35275,Juan Camilo Melgarejo,7,1,0,7,0,0,15,Honourable mention,,350
Costa Rica,CRI,35811,Julián José Ramírez Aguilar,7,1,0,5,2,0,15,Honourable mention,,350
Denmark,DEN,35943,Tjalfe Nybo,7,1,0,7,0,0,15,Honourable mention,,350
Spain,ESP,35031,Pablo Arroyo Lomas,7,0,0,7,1,0,15,Honourable mention,,350
Finland,FIN,35396,Ohto Katila,3,0,2,7,3,0,15,Honourable mention,,350
Greece,HEL,36220,Petros Kanellopoulos,7,1,0,5,2,0,15,Honourable mention,,350
Croatia,HRV,35435,Maša Dobrić,7,1,1,5,1,0,15,Honourable mention,,350
Croatia,HRV,36183,Mila Maretić,7,1,0,5,2,0,15,Honourable mention,,350
Ireland,IRL,33657,Owen Barron,4,2,0,7,2,0,15,Honourable mention,,350
Ireland,IRL,35067,Vitalii Halushko,7,0,0,7,1,0,15,Honourable mention,,350
Kosovo,KSV,34884,Lyron Celina,7,1,0,7,0,0,15,Honourable mention,,350
Lithuania,LTU,34145,Rugilė Dzindzalietaitė,7,0,0,5,3,0,15,Honourable mention,,350
Luxembourg,LUX,35211,Kinji Yoshida,7,1,0,6,1,0,15,Honourable mention,,350
Macau,MAC,35713,Cheok Him Chan,7,0,1,6,1,0,15,Honourable mention,,350
Macau,MAC,35714,Kuan Kun Mak,7,1,0,6,1,0,15,Honourable mention,,350
Morocco,MAR,35738,Yassir Salama,7,1,0,5,2,0,15,Honourable mention,,350
Malaysia,MAS,36408,Cheng You Seng,7,0,0,7,1,0,15,Honourable mention,,350
Republic of Moldova,MDA,36111,Anastasia Corsac,7,0,0,7,1,0,15,Honourable mention,,350
Mexico,MEX,36103,Andrea Sarahí Cascante Duarte,7,1,0,7,0,0,15,Honourable mention,,350
Myanmar,MMR,33219,Hsu Wutt Yee Lin,7,1,0,5,2,0,15,Honourable mention,,350
Norway,NOR,35796,Trygve Torkildsen Hellebø,7,0,0,7,1,0,15,Honourable mention,,350
Norway,NOR,35176,Daniel Alex Mineev,4,2,0,7,2,0,15,Honourable mention,,350
New Zealand,NZL,36249,Alston Huang,7,0,0,7,1,0,15,Honourable mention,,350
New Zealand,NZL,36252,George Zhao,7,0,0,7,1,0,15,Honourable mention,,350
Peru,PER,36041,Dennis Ichpas,7,0,1,6,1,0,15,Honourable mention,,350
Philippines,PHI,36438,Zion Skye Earl Carmelo Uy,7,0,0,7,1,0,15,Honourable mention,,350
Qatar,QAT,36283,Laith Twair,7,0,0,7,1,0,15,Honourable mention,,350
South Africa,SAF,36174,Ruichen Wang,5,1,0,7,2,0,15,Honourable mention,,350
Slovenia,SVN,36440,Adam Bürmen,7,0,0,7,1,0,15,Honourable mention,,350
Syria,SYR,35972,Millad Abbas,6,1,0,7,1,0,15,Honourable mention,,350
United Arab Emirates,UAE,35555,Ziana Singh,7,1,0,5,2,0,15,Honourable mention,,350
Ukraine,UKR,36266,Ivan Kharchuk,7,1,0,7,0,0,15,Honourable mention,,350
Uruguay,URY,36119,Luca Fischbein,7,0,0,7,1,0,15,Honourable mention,,350
Algeria,ALG,36385,Abderrahmane Si Ahmed,7,1,0,5,1,0,14,Honourable mention,,388
Armenia,ARM,35902,Arman Asatryan,4,1,0,7,2,0,14,Honourable mention,,388
Australia,AUS,35650,Keith Yu -Tao Wong,7,1,0,1,5,0,14,Honourable mention,,388
Azerbaijan,AZE,36244,Aykhan Asadzada,7,0,0,7,0,0,14,Honourable mention,,388
Belgium,BEL,35472,Lars Dhooghe,7,0,0,6,1,0,14,Honourable mention,,388
Colombia,COL,36302,Simon Viviescas,6,1,0,7,0,0,14,Honourable mention,,388
Cuba,CUB,35598,Yeison Alejandro Davy Abreu,6,1,0,6,1,0,14,,,388
Denmark,DEN,35314,Ziyi Xiao,7,1,0,5,1,0,14,Honourable mention,,388
Ecuador,ECU,35924,Maximiliano Alonso Parada,7,0,0,7,0,0,14,Honourable mention,,388
Ecuador,ECU,34932,Ricardo De Blas Camacho,7,0,0,7,0,0,14,Honourable mention,,388
Georgia,GEO,35998,Aleksandre Katsia,7,1,0,1,5,0,14,Honourable mention,,388
Greece,HEL,36144,Philippos Efstathiadis,7,1,0,5,1,0,14,Honourable mention,,388
Iceland,ISL,34273,Magnús Thor Holloway,7,0,0,5,2,0,14,Honourable mention,,388
Kenya,KEN,35755,Baraka Muturi Mulwa,7,0,0,7,0,0,14,Honourable mention,,388
Republic of Korea,KOR,36213,Chaemin Kim,7,0,0,5,2,0,14,Honourable mention,,388
Luxembourg,LUX,36251,Reyanksh Deb,7,0,0,7,0,0,14,Honourable mention,,388
Morocco,MAR,35736,Akram Lahlou,7,4,0,1,2,0,14,Honourable mention,,388
North Macedonia,MKD,36421,Filip Kalkashliev,7,0,0,7,0,0,14,Honourable mention,,388
Netherlands,NLD,35528,Roel Alkemade,4,0,2,7,1,0,14,Honourable mention,,388
New Zealand,NZL,36255,Gwang Ho Kim,6,1,0,5,2,0,14,,,388
Rwanda,RWA,35116,Denys Prince Tuyisenge,7,1,0,4,2,0,14,Honourable mention,,388
Rwanda,RWA,35124,Mugabo Herve Uwayezu,7,0,1,5,1,0,14,Honourable mention,,388
Sweden,SWE,35895,Yebum Choi,5,1,0,7,1,0,14,Honourable mention,,388
Sweden,SWE,35897,Ebbe Olsson Ljungblad,3,0,0,6,5,0,14,,,388
Tunisia,TUN,36392,Youssef Halim Ajmi,5,1,0,7,1,0,14,Honourable mention,,388
Uruguay,URY,35301,Alfonso Ramos Furtado,7,0,0,7,0,0,14,Honourable mention,,388
Uzbekistan,UZB,36345,Sulaymon Matnazarov,6,1,0,5,2,0,14,,,388
Algeria,ALG,34486,Kian Abolghasemi,7,1,1,2,2,0,13,Honourable mention,,415
Argentina,ARG,35128,Facundo Mauri,3,0,0,5,5,0,13,,,415
Azerbaijan,AZE,36250,Ali Sadigli,4,2,0,5,2,0,13,,,415
Azerbaijan,AZE,36247,Mikayil Shirinov,3,2,0,7,1,0,13,Honourable mention,,415
Ivory Coast,CIV,34444,Kouassi Noah Kevin Ekue,6,0,0,5,2,0,13,,,415
Colombia,COL,35274,Samuel Pertuz,5,0,0,7,1,0,13,Honourable mention,,415
Denmark,DEN,35934,Kiarad Fadaeihaghi,4,0,0,7,2,0,13,Honourable mention,,415
Denmark,DEN,35313,Julie Schøtt Hvidberg,7,0,1,4,1,0,13,Honourable mention,,415
Dominican Republic,DOM,35715,William Gabriel Evertz Adames,7,0,0,6,0,0,13,Honourable mention,,415
Georgia,GEO,34535,Mirza Shanidze,4,1,0,7,1,0,13,Honourable mention,,415
Indonesia,IDN,36104,Matthew Ravanelli Tjiptono,5,0,0,7,1,0,13,Honourable mention,,415
Iceland,ISL,35059,Jóakim Uni Arnaldarson,7,0,0,6,0,0,13,Honourable mention,,415
Iceland,ISL,35776,Eysteinn Daði Hjaltason,6,0,0,7,0,0,13,Honourable mention,,415
Kosovo,KSV,33893,Ajan Hajrullahu,4,1,0,7,1,0,13,Honourable mention,,415
Sri Lanka,LKA,36406,Nisal Thejana Withana Kankanamalage,4,1,0,7,1,0,13,Honourable mention,,415
North Macedonia,MKD,36418,Marko Mitevski,4,1,0,6,2,0,13,,,415
Netherlands,NLD,36130,Lisa Meij,7,0,0,5,1,0,13,Honourable mention,,415
Pakistan,PAK,36027,Muhammad Abdul Rafay Khan,7,1,0,5,0,0,13,Honourable mention,,415
Paraguay,PAR,34457,Fernando Daniel Lopez Bobadilla,3,1,0,7,2,0,13,Honourable mention,,415
Philippines,PHI,36434,Mateo Inigo Espocia,6,0,0,6,1,0,13,,,415
Philippines,PHI,36436,Shaun Lawrence Poh Leung,5,1,0,6,1,0,13,,,415
South Africa,SAF,36378,Noah Karl Rassou,6,0,1,5,1,0,13,,,415
Turkmenistan,TKM,36241,Yunus Orazov,4,1,0,7,1,0,13,Honourable mention,,415
United Arab Emirates,UAE,35554,Ziyao Wang,7,0,0,5,1,0,13,Honourable mention,,415
Venezuela,VEN,35706,Luis Enrique García González,7,1,0,5,0,0,13,Honourable mention,,415
Algeria,ALG,34487,Mohamed Ikbal Tebib,6,1,0,5,0,0,12,,,440
Argentina,ARG,36032,Facundo Aram Kechichian,7,0,0,3,2,0,12,Honourable mention,,440
Austria,AUT,36377,Yelyzaveta Yevtushenko,3,2,0,6,1,0,12,,,440
Bosnia and Herzegovina,BIH,36169,Amila Pašić,7,1,0,1,3,0,12,Honourable mention,,440
Botswana,BWA,34400,Bowen Zhou,7,0,0,5,0,0,12,Honourable mention,,440
Chile,CHI,36362,Santiago Mundaca,6,0,0,5,1,0,12,,,440
Czech Republic,CZE,35987,Lukáš Komín,7,1,0,2,2,0,12,Honourable mention,,440
Denmark,DEN,35932,Aryan Ashwin Mangale,7,2,0,1,2,0,12,Honourable mention,,440
Ghana,GHA,35854,Denzel Appau,7,0,0,5,0,0,12,Honourable mention,,440
Croatia,HRV,34640,Kristijan Šimović,6,2,0,1,3,0,12,,,440
Iraq,IRQ,34792,Abdullah Mohammed Sabah Sabah,7,1,0,4,0,0,12,Honourable mention,,440
Kenya,KEN,34959,Tanui Shawn Kimutai,7,0,0,4,1,0,12,Honourable mention,,440
Kosovo,KSV,33890,Shpendi Deva,3,2,0,6,1,0,12,,,440
Sri Lanka,LKA,35244,Rajawasala Ukattage Don Janith Dulmina Rajawasala,5,0,0,7,0,0,12,Honourable mention,,440
Lithuania,LTU,36072,Ahmed Benamara,6,0,0,5,1,0,12,,,440
Lithuania,LTU,36077,Arijus Paulavičius,7,1,0,2,2,0,12,Honourable mention,,440
Luxembourg,LUX,36248,Gabriel Baguenault,3,1,0,7,1,0,12,Honourable mention,,440
Republic of Moldova,MDA,36112,Vladislav Smochina,4,0,0,7,1,0,12,Honourable mention,,440
Netherlands,NLD,36132,Colin Smeets,3,1,0,7,1,0,12,Honourable mention,,440
Nepal,NPL,36063,Nishan Khatri,4,0,1,7,0,0,12,Honourable mention,,440
Nepal,NPL,36060,Prasiddha Thapa,4,0,0,7,1,0,12,Honourable mention,,440
Rwanda,RWA,36235,Baruch Ervin Rugero,4,0,0,5,3,0,12,,,440
South Africa,SAF,36175,Noah Moshe Greenblatt,7,1,0,1,3,0,12,Honourable mention,,440
South Africa,SAF,36148,Xiaoyuan Li,7,0,0,4,1,0,12,Honourable mention,,440
Switzerland,SUI,36432,Ivan Borysiuk,7,0,1,1,2,1,12,Honourable mention,,440
Syria,SYR,35332,Abdullah Abu Safi,7,0,0,4,1,0,12,Honourable mention,,440
Syria,SYR,35950,Okbah Aldabagh,6,0,0,5,1,0,12,,,440
Tajikistan,TJK,34863,Sanjar Rashidov,7,0,0,5,0,0,12,Honourable mention,,440
Turkmenistan,TKM,36240,Sanjar Hojanyyazov,7,1,0,2,2,0,12,Honourable mention,,440
Uganda,UGA,33864,Favour Bwesigye Busingye,4,1,0,6,1,0,12,,,440
Uruguay,URY,35272,Diego Correa Rivero,7,1,0,1,3,0,12,Honourable mention,,440
Algeria,ALG,35111,Nedjemddine Chiaoui,7,0,0,3,1,0,11,Honourable mention,,471
Austria,AUT,36372,Philipp Bui,7,1,0,1,2,0,11,Honourable mention,,471
Austria,AUT,36374,Ziao Suo,3,0,0,7,1,0,11,Honourable mention,,471
Finland,FIN,35959,Kaius Hansen,3,0,0,6,2,0,11,,,471
Finland,FIN,35955,Seve Torrkulla,7,0,1,3,0,0,11,Honourable mention,,471
Honduras,HND,35909,Juan Fernando Rodríguez Rodríguez,7,0,0,4,0,0,11,Honourable mention,,471
Kenya,KEN,34495,Gilbert Amani Ongoro,7,0,0,4,0,0,11,Honourable mention,,471
Lithuania,LTU,35349,Adomas Juodis,7,0,1,0,3,0,11,Honourable mention,,471
Latvia,LVA,36456,Gustavs Gritāns,7,1,0,1,2,0,11,Honourable mention,,471
Macau,MAC,35732,Hoi Xu,3,0,0,7,1,0,11,Honourable mention,,471
Republic of Moldova,MDA,35049,Alexandru Bordei,4,0,0,6,1,0,11,,,471
Netherlands,NLD,36128,Boaz Brouwer,7,2,0,1,1,0,11,Honourable mention,,471
Pakistan,PAK,36029,Fawad Akbar Khan,4,1,0,6,0,0,11,,,471
Pakistan,PAK,36028,Shahmeer Khan,3,1,0,7,0,0,11,Honourable mention,,471
Slovenia,SVN,36444,Naja Oblak,4,0,0,7,0,0,11,Honourable mention,,471
Albania,ALB,34970,Orest Sherko,7,0,0,3,0,0,10,Honourable mention,,486
Belgium,BEL,36327,Adrien Michaux,7,0,0,1,2,0,10,Honourable mention,,486
Chile,CHI,35002,Carlos Velasquez,3,1,0,5,1,0,10,,,486
Costa Rica,CRI,34999,Dylan Joel Laguna Arias,4,1,0,4,1,0,10,,,486
Costa Rica,CRI,35033,Sofía Rojas Cordero,3,0,0,7,0,0,10,Honourable mention,,486
Cuba,CUB,35006,Heidy Rodriguez Fuentes,3,1,0,5,1,0,10,,,486
Cyprus,CYP,36139,Petros Vourmas,7,1,0,1,1,0,10,Honourable mention,,486
Ecuador,ECU,35929,Issac Ruales-Santos,5,0,0,5,0,0,10,,,486
Indonesia,IDN,36108,Fernando Almer Renjiro,2,1,0,5,2,0,10,,,486
Iraq,IRQ,33055,Hatem Muqdad Mawlood Al-Ani,3,1,0,5,1,0,10,,,486
Iceland,ISL,35774,Daði Logason,3,0,0,7,0,0,10,Honourable mention,,486
Kyrgyzstan,KGZ,35918,Bekten Abduvaliev,7,0,1,1,1,0,10,Honourable mention,,486
Sri Lanka,LKA,34471,Praveen Charuka Athauda Arachchi,7,0,0,1,2,0,10,Honourable mention,,486
Macau,MAC,35711,In Lok Ho,7,0,0,1,2,0,10,Honourable mention,,486
Morocco,MAR,35740,Ismail Aabkari,3,0,0,7,0,0,10,Honourable mention,,486
Morocco,MAR,35737,Mohammed Cherki,7,1,0,0,2,0,10,Honourable mention,,486
Nepal,NPL,35194,Aayam Acharya,7,0,0,3,0,0,10,Honourable mention,,486
Portugal,POR,36083,Guilherme Duarte Cabral,7,2,0,1,0,0,10,Honourable mention,,486
El Salvador,SLV,35170,Helen Paola Morán Cerón,3,1,0,6,0,0,10,,,486
Switzerland,SUI,36335,Benoît Schmit,1,1,0,7,1,0,10,Honourable mention,,486
Tajikistan,TJK,35949,Muhammadidris Saimuhudinzoda,3,0,0,7,0,0,10,Honourable mention,,486
United Arab Emirates,UAE,36278,Davron Yakubov,6,0,0,4,0,0,10,,,486
Albania,ALB,35727,Darli Bruzja,4,0,0,5,0,0,9,,,508
Cyprus,CYP,35428,Alexandros Louka,3,0,1,5,0,0,9,,,508
Dominican Republic,DOM,34867,Baldwin Huang,7,0,0,2,0,0,9,Honourable mention,,508
Ecuador,ECU,34221,Martín Peñaherrera,4,0,0,4,1,0,9,,,508
Finland,FIN,35956,Amelie Hao,7,0,0,1,1,0,9,Honourable mention,,508
Ghana,GHA,35856,Kobina Yarko Mensah,7,0,0,2,0,0,9,Honourable mention,,508
Honduras,HND,35390,Renata Sorel Palao Zavala,4,0,0,5,0,0,9,,,508
Luxembourg,LUX,36258,Hazem Shinof,7,0,0,1,1,0,9,Honourable mention,,508
Latvia,LVA,35369,Reinis Bartkevičs,4,0,0,4,1,0,9,,,508
Myanmar,MMR,35020,Swan Htet Nay Khaing,7,0,0,2,0,0,9,Honourable mention,,508
Myanmar,MMR,35021,Swan Htet Naing,4,0,0,5,0,0,9,,,508
Nepal,NPL,36059,Yugantar Kalakheti,6,0,0,2,1,0,9,,,508
Nepal,NPL,36062,Arij Pokhrel,3,0,0,5,1,0,9,,,508
New Zealand,NZL,36253,Bella Chen,4,0,0,5,0,0,9,,,508
Portugal,POR,36081,Alexandre Ferreira,7,0,0,1,1,0,9,Honourable mention,,508
Puerto Rico,PRI,36078,Nelson Daniel Alsina Vasquez,7,0,0,1,1,0,9,Honourable mention,,508
Senegal,SEN,36170,Ameth Babou,4,1,0,4,0,0,9,,,508
Syria,SYR,35946,Hussien Ahmad,3,3,0,2,1,0,9,,,508
Syria,SYR,35971,Taim khayat,7,0,0,2,0,0,9,Honourable mention,,508
Tunisia,TUN,34595,Ahmed Mallek,4,1,0,2,2,0,9,,,508
Uganda,UGA,34847,Jayden Osago Mukisa,7,0,0,1,1,0,9,Honourable mention,,508
Uruguay,URY,35300,Federico Méndez Silva,7,0,0,1,1,0,9,Honourable mention,,508
Ivory Coast,CIV,34445,Kouame Christ Elfried Carlos Yao,4,0,0,1,3,0,8,,,530
Costa Rica,CRI,35807,Luisa Rodríguez Soto,4,1,0,3,0,0,8,,,530
Dominican Republic,DOM,35716,Mijael Kirk Rondón Arias,4,0,0,4,0,0,8,,,530
Spain,ESP,35904,Guillermo Guerrero Serrano,7,0,0,1,0,0,8,Honourable mention,,530
Georgia,GEO,36003,Giorgi Gumberidze,1,0,0,5,2,0,8,,,530
Ireland,IRL,33659,Tianci Yan,7,0,0,0,1,0,8,Honourable mention,,530
Iraq,IRQ,33054,Ali Muqdad Mawlood Al-Ani,0,1,0,5,2,0,8,,,530
Iceland,ISL,35775,Matthías Pálmason Skowronski,4,0,0,4,0,0,8,,,530
Kosovo,KSV,35676,Enes Hoxha,7,0,0,1,0,0,8,Honourable mention,,530
Morocco,MAR,35739,Yahya El Ouafi,4,0,0,2,2,0,8,,,530
Paraguay,PAR,35143,Stefany Fiorella Velazquez Ferreira,4,1,0,2,1,0,8,,,530
El Salvador,SLV,35889,Jeremy Matthew Castro Alarcon,0,0,0,7,1,0,8,Honourable mention,,530
Slovenia,SVN,35514,Ekaterina Chizhova,3,1,0,2,2,0,8,,,530
Tunisia,TUN,36393,Aws Dhahri,4,1,0,1,2,0,8,,,530
Tanzania,TZA,35920,Lightness Pigiliano Ngiliule,2,0,0,5,1,0,8,,,530
Uruguay,URY,36118,Facundo Correa Marchetti,2,0,0,6,0,0,8,,,530
Uruguay,URY,35299,Juan Martín González,3,0,0,5,0,0,8,,,530
Albania,ALB,34982,Sigi Zalla,4,0,0,2,1,0,7,,,547
Chile,CHI,35000,Lucas Gutierrez,3,1,0,2,1,0,7,,,547
Colombia,COL,36304,Maria Jose Aristizabal,3,1,0,2,1,0,7,,,547
Costa Rica,CRI,35809,Sara Fonseca Carrión,2,0,0,4,1,0,7,,,547
Kenya,KEN,35756,Jed Oloo Odundo,4,0,0,2,1,0,7,,,547
Morocco,MAR,35741,Yahya Ajbar,2,0,0,5,0,0,7,,,547
Namibia,NAM,34957,Roland Kauma Ndjamba,3,1,0,2,1,0,7,,,547
Rwanda,RWA,36233,Imelda Ikuzwe,3,1,0,3,0,0,7,,,547
Albania,ALB,35726,Noel Kolemarko,0,0,0,5,1,0,6,,,555
Algeria,ALG,36386,Fairouz Benyounes,4,0,0,2,0,0,6,,,555
Bolivia,BOL,36157,Juan David Díaz Aranibar,0,0,0,6,0,0,6,,,555
Cuba,CUB,35599,Javier Ernesto Galindo Nápoles,1,0,0,4,1,0,6,,,555
Cyprus,CYP,36143,Andreas Aristodemou,4,0,0,1,1,0,6,,,555
Cyprus,CYP,36141,Zilin Su,3,0,0,3,0,0,6,,,555
Ecuador,ECU,35032,Luis Zavala Freire,4,0,0,2,0,0,6,,,555
Italy,ITA,36368,Manfredi Italiano,3,1,0,1,1,0,6,,,555
Sri Lanka,LKA,36404,Bandara Hitihami Mudiyanselage Navindu Hansana,4,0,0,1,1,0,6,,,555
Sri Lanka,LKA,36407,Dinal Sandaru Senadeera Pathirana,1,0,0,5,0,0,6,,,555
Montenegro,MNE,35832,Luka Deretić,3,0,0,2,1,0,6,,,555
Montenegro,MNE,34996,Aleksandar Rnković,4,0,0,2,0,0,6,,,555
Oman,OMN,36314,Yousof Salim Ali Al Naabi,1,0,0,5,0,0,6,,,555
Panama,PAN,36285,William Eduardo Yau Chu,4,0,0,2,0,0,6,,,555
Senegal,SEN,36172,Sokhna Aminata Fall,3,0,0,2,1,0,6,,,555
Tajikistan,TJK,34566,Farkhod Sokhibnazarov,0,0,0,6,0,0,6,,,555
Uganda,UGA,35652,Elizabeth Nabunnya,4,1,0,1,0,0,6,,,555
Iraq,IRQ,36023,Yousif Wameedh Ghassan Algharani,0,1,0,2,2,0,5,,,572
Myanmar,MMR,36090,Khant Nyi Thar,0,0,0,5,0,0,5,,,572
Nepal,NPL,36058,Mission Joshi,3,0,0,0,2,0,5,,,572
Palestine,PSE,35699,Mohammad Abu Aladous,4,0,0,1,0,0,5,,,572
Rwanda,RWA,36231,John Kenzi Iradukiza,1,1,0,3,0,0,5,,,572
Rwanda,RWA,35152,Sonia Keza,0,0,0,5,0,0,5,,,572
Tanzania,TZA,36091,Sweetbert John Nene,0,0,0,5,0,0,5,,,572
Venezuela,VEN,35707,Manuel Enrique Rivas Morantes,4,0,0,1,0,0,5,,,572
Chile,CHI,36295,Tomas Rodriguez,4,0,0,0,0,0,4,,,580
Cameroon,CMR,36348,Daniel Aaron Kougang Wateu,3,0,0,0,1,0,4,,,580
Cyprus,CYP,36142,Alexis Hadjigeorgiou,3,0,0,1,0,0,4,,,580
Kosovo,KSV,34885,Parid Haxholli,3,0,0,1,0,0,4,,,580
Myanmar,MMR,35969,Khant Nyi Zin,3,0,0,0,1,0,4,,,580
Panama,PAN,36286,Yilene Peiyin Lai Tan,3,0,0,1,0,0,4,,,580
Tunisia,TUN,36391,Nouha Jemel,2,0,0,2,0,0,4,,,580
Tanzania,TZA,36010,Joyce Pascali Sulumo,0,1,0,2,1,0,4,,,580
Uganda,UGA,35655,Linette Akello Agudo,2,0,0,2,0,0,4,,,580
Venezuela,VEN,35705,José Leonardo Marquina Mendoza,3,0,0,1,0,0,4,,,580
Venezuela,VEN,35710,Leandro José Rivera Salas,3,0,0,1,0,0,4,,,580
Algeria,ALG,36384,Mael Shawaly,0,0,0,2,1,0,3,,,591
Bhutan,BTN,35229,Pema Tenzin,0,0,0,2,1,0,3,,,591
Bhutan,BTN,36289,Thinley Yoezer,0,0,0,3,0,0,3,,,591
Costa Rica,CRI,35064,Kailash Kleinman Siddharth,1,0,0,2,0,0,3,,,591
Dominican Republic,DOM,35717,Seungwoo Lee,1,0,0,2,0,0,3,,,591
Ecuador,ECU,35865,Mia Dunn,1,0,0,2,0,0,3,,,591
Greece,HEL,35289,Sotirios Tzavoulis,0,2,0,1,0,0,3,,,591
Honduras,HND,35907,Lenny Jasafat Peña Rubio,1,0,0,1,1,0,3,,,591
Cambodia,KHM,34986,Borey Norint Son,1,1,0,1,0,0,3,,,591
Kosovo,KSV,35675,Entela Mirena,0,0,0,2,1,0,3,,,591
Libya,LBY,36439,Yousef Jaeda,1,0,0,2,0,0,3,,,591
Montenegro,MNE,34994,Aleksa Radulović,1,0,0,1,1,0,3,,,591
Montenegro,MNE,35829,Mladen Ralević,1,0,0,2,0,0,3,,,591
Oman,OMN,36312,Shahd Yahiya Said Al Mandhari,1,0,0,1,1,0,3,,,591
Pakistan,PAK,36030,Muhammad Jawad Kaleem,1,0,0,2,0,0,3,,,591
Paraguay,PAR,35792,Sora Jazmin Takaoka Benitez,0,0,0,2,1,0,3,,,591
Qatar,QAT,35508,Malek Abdelfattah,3,0,0,0,0,0,3,,,591
El Salvador,SLV,36007,Sebastián Enrique Somoza Portillo,1,0,0,2,0,0,3,,,591
Venezuela,VEN,35708,César Matías Leal Pomares,1,0,0,2,0,0,3,,,591
Bolivia,BOL,34903,Alan Gabriel Audivert Serrudo,1,0,0,1,0,0,2,,,610
Ivory Coast,CIV,35984,Cheik Oumar Diomande,1,0,0,0,1,0,2,,,610
Ivory Coast,CIV,35862,Catier Saly Traore,0,0,0,1,1,0,2,,,610
Honduras,HND,35906,Anthony José Meraz Galo,0,0,0,1,1,0,2,,,610
Iraq,IRQ,36022,Yahya Omar Yahya Yahya,1,0,0,0,1,0,2,,,610
Kenya,KEN,35758,Alvin Jamie Thilak Komu,0,0,0,2,0,0,2,,,610
Cambodia,KHM,34991,Soklong Meng,1,0,0,1,0,0,2,,,610
Oman,OMN,36316,Sadan Mahmood Mohammed Al Mahdhuri,1,0,0,1,0,0,2,,,610
Paraguay,PAR,35147,Alejandro Manuel Almaraz Aquino,0,1,0,0,1,0,2,,,610
Palestine,PSE,35702,Batool Zakaria,0,0,0,2,0,0,2,,,610
Tanzania,TZA,36092,Nyandahu Theophil Leonard,1,0,0,0,1,0,2,,,610
Tanzania,TZA,35922,Arqam Yassir Salim,1,0,0,1,0,0,2,,,610
Bolivia,BOL,36156,Daniel Alvarado Churqui,0,0,0,0,1,0,1,,,622
Bhutan,BTN,36294,Eric Ebenezer Chhetri,0,0,0,1,0,0,1,,,622
Bhutan,BTN,36292,Krishna Gurung,0,0,0,1,0,0,1,,,622
Ivory Coast,CIV,35863,Ahoundjo Jeremie Koffi,0,0,0,0,1,0,1,,,622
Dominican Republic,DOM,35718,Claudia Ceballos Matos,0,0,0,1,0,0,1,,,622
Ghana,GHA,35853,Jesse Kekeli Afudego,1,0,0,0,0,0,1,,,622
Ghana,GHA,35858,Sophia Razafimahefa,0,0,0,1,0,0,1,,,622
Ghana,GHA,35855,Qi Wang,0,0,0,1,0,0,1,,,622
Honduras,HND,35910,Sandra Marcela Umanzor Galeas,0,0,0,1,0,0,1,,,622
Honduras,HND,35908,Lucianna Sofía Valenzuela Facussé,0,0,0,1,0,0,1,,,622
Cambodia,KHM,34987,Panhavorn Lan,0,1,0,0,0,0,1,,,622
Myanmar,MMR,35968,Khoon Kyal Sin,0,0,0,1,0,0,1,,,622
Namibia,NAM,34956,Helena Itsuwe Haikali,0,0,0,1,0,0,1,,,622
Oman,OMN,36317,Methak Khalifa Saud Al Ismaily,0,0,0,1,0,0,1,,,622
Oman,OMN,36315,Mohammed Ayoub Sulaiman Al Kindi,0,0,0,1,0,0,1,,,622
Oman,OMN,36313,Al Reem 'Abdul Rahim Salim Al Tubi,0,0,0,1,0,0,1,,,622
Palestine,PSE,35701,Younis Alsalamin,0,0,0,0,1,0,1,,,622
Palestine,PSE,35703,Dina Nairoukh,0,0,0,1,0,0,1,,,622
Palestine,PSE,35698,Mohammad Samara,0,0,0,1,0,0,1,,,622
Qatar,QAT,36284,Labib Saleem,0,0,0,1,0,0,1,,,622
Senegal,SEN,36171,Amadou Woury Diallo,0,0,0,0,1,0,1,,,622
Senegal,SEN,36173,Rahmatoulaye Kane,0,0,0,1,0,0,1,,,622
Tanzania,TZA,36011,Zalwango Margaret Angel,0,0,0,1,0,0,1,,,622
United Arab Emirates,UAE,36277,Parth Chapper,0,0,0,1,0,0,1,,,622
Venezuela,VEN,35704,Carlos David Díaz Rivas,0,0,0,1,0,0,1,,,622
Botswana,BWA,36371,Resego Ledira,0,0,0,0,0,0,0,,,647
Botswana,BWA,36333,Panashe Theo Mugore,0,0,0,0,0,0,0,,,647
Botswana,BWA,35535,Amy Irina Ruth,0,0,0,0,0,0,0,,,647
Botswana,BWA,36336,Lebone Troy Tau,0,0,0,0,0,0,0,,,647
Botswana,BWA,36296,Minal Thattamparambil Ranjith,0,0,0,0,0,0,0,,,647
Cameroon,CMR,36353,Christ Aaron Lowe Tchatchouang,0,0,0,0,0,0,0,,,647
Ghana,GHA,35857,Yaw Omane Boamah,0,0,0,0,0,0,0,,,647
Iraq,IRQ,36024,Sinem Fidan,0,0,0,0,0,0,0,,,647
Cambodia,KHM,36070,Tyty Lay,0,0,0,0,0,0,0,,,647
Cambodia,KHM,36071,Kimheng Ngov,0,0,0,0,0,0,0,,,647
Cambodia,KHM,36069,Panhasakda Phors,0,0,0,0,0,0,0,,,647
Namibia,NAM,35952,Ndasindi-Tate Simeon Antindi,0,0,0,0,0,0,0,,,647
Namibia,NAM,35973,Logan Xavier Izaaks,0,0,0,0,0,0,0,,,647
Namibia,NAM,35974,Leticia Tonateni Kandjebo,0,0,0,0,0,0,0,,,647
Palestine,PSE,35700,Mohammed Daghamin,0,0,0,0,0,0,0,,,647
Qatar,QAT,36281,Abdulla Hamad Alqahtani,0,0,0,0,0,0,0,,,647
Qatar,QAT,36280,Abdulla Hilal Al-Mohannadi,0,0,0,0,0,0,0,,,647
Qatar,QAT,36279,Ismail Mmohammed Alemadi,0,0,0,0,0,0,0,,,647
United Arab Emirates,UAE,36273,Avani Vivek Gupta,0,0,0,0,0,0,0,,,647
Uganda,UGA,35657,Akram Nsadha,0,0,0,0,0,0,0,,,647
